title,artist,lyrics
Sunshine Days,Ava Lynn,Walking down the street with a smile on my face the sun is shining bright and I feel so alive happy days are here again everything is wonderful and I can't help but dance and sing along to the rhythm of life
Electric Nights,Neon Wolves,The energy is pumping through my veins tonight we're gonna party till the morning light dancing to the beat with all our friends feeling so good like this night will never end upbeat and excited for what's to come
Harbor Lights,Calm Harbor,Sitting by the water watching the gentle waves roll in peaceful and serene the moonlight reflects on the calm surface everything is quiet and still perfect for meditation and reflection a tranquil evening by the harbor
Midnight Streets,City Nights,Walking through the city at night the streets are quiet and peaceful the lights are dim and calming soft sounds of the night surround me feeling relaxed and at peace perfect calm evening in the urban landscape
Yesterday's Echo,Memory Lane,Thinking back to the good old days when we were young and free nostalgia fills my heart with bittersweet memories of laughter and friendship those times we'll never forget the past echoes in my mind
Retro Summer,Retro Echo,Remember those summer days when everything felt new and exciting nostalgic feelings wash over me like a warm wave bringing back memories of simpler times when life was carefree and full of wonder those were the days
Burning Rage,Red Static,I can't take this anymore the anger is boiling inside me ready to explode aggressive thoughts and feelings of frustration overwhelming my mind I need to scream and let it all out this rage consumes me completely
Iron Will,Iron Path,Fighting through the pain with determination and aggressive energy nothing will stop me from reaching my goals the fire burns inside pushing me forward with intense power breaking through every obstacle in my path
Lazy Afternoon,Sunny Meadows,Lying in the grass on a warm afternoon watching clouds drift slowly across the sky peaceful and content with nothing to worry about just enjoying the simple pleasures of a beautiful day in nature
Morning Coffee,Urban Blend,Sitting at my favorite cafe sipping coffee and watching people walk by the city wakes up slowly around me feeling grateful for this peaceful moment before the busy day begins calm and centered ready to face whatever comes
Thunderstorm,Storm Chasers,The sky is dark and threatening lightning strikes across the horizon the storm approaches with power and intensity nature's raw energy on full display both frightening and exhilarating to witness the thunder rolls
Winter Blues,Frost & Shadow,The cold wind bites at my skin as I walk alone through the empty streets feeling melancholy and down the winter has settled into my bones bringing sadness and loneliness everything feels gray and lifeless
Spring Awakening,Meadow Dawn,The flowers are blooming and birds are singing spring has arrived with joy and renewal everything feels fresh and alive again after the long winter hope fills my heart with optimism and excitement
Midnight Drive,Highway Dreams,Driving through the empty roads at night with the radio playing softly the world feels distant and dreamlike peaceful solitude on this journey through the darkness just me and my thoughts rolling forward
Digital Love,Neon Pulse,In this modern world we connect through screens and digital signals but the feelings are real the electric pulse of connection across the void bringing us together in ways both exciting and uncertain the future is now
Acoustic Soul,River Stone,Sitting with my guitar by the riverside playing gentle melodies that echo across the water peaceful and contemplative music flows through me connecting my soul to nature finding harmony in simplicity
Broken Dreams,Shattered Glass,All my hopes have come crashing down like broken glass scattered on the floor the pain is sharp and cutting deep into my heart sadness overwhelms me as I try to pick up the pieces of what once was
Victory March,Iron Legion,We fought hard and emerged victorious the battle is won and we march forward with pride and strength aggressive determination fueled our triumph nothing could stop our relentless advance toward glory
Desert Mirage,Sand & Sky,Walking through endless dunes under the blazing sun the heat creates illusions in the distance everything shimmers and wavers between reality and dream the desert holds mysteries and challenges the spirit
Ocean Deep,Azure Current,Diving beneath the waves into the deep blue world below peaceful and mysterious the ocean holds secrets ancient and profound floating weightlessly in this underwater realm feeling small yet connected to something vast
